category,pin_code,name,address,website,rating,email,phone,gmap_link,services,cid
IT company,Chennai,"Mobile App (iOS, Android) Development Company in Chennai, E-commerce Website Design & Development Company-NINOS IT SOLUTION","Software company · Shop No:9,Basement, Raahat Plaza, Arcot Rd
Open 24 hours · 099624 11492",http://www.ninositsolution.com/,4.6,info@ninositsolution.com,099624 11492,https://www.google.com/maps/search/IT+company+near+Chennai/,"Services Web Design and Development Static
                                                            Website Dynamic
                                                            Website Wordpress
                                                            Website Ecommerce
                                                            Website ERP Website Woocommerce Website Shopify Website Custom Software App Development Android
                                                            Applicati",4202534772435200953
IT company,Chennai,Ninos-Mobile App Development Company in Chennai | Android & iOS App Developers in Chennai | Custom App Development Company,"Software company · No:2, krishna colony, Nerkundram Pathai
Open 24 hours · 099624 11492",https://www.ninositsolution.com/,4.7,info@ninositsolution.com,099624 11492,https://www.google.com/maps/search/IT+company+near+Chennai/,"Services Web Design and Development Static
                                                            Website Dynamic
                                                            Website Wordpress
                                                            Website Ecommerce
                                                            Website ERP Website Woocommerce Website Shopify Website Custom Software App Development Android
                                                            Applicati",4202534559842711555
IT company,Chennai,I Studio Technologies,"Internet marketing service · 10/1 1st floor, Vijaya Nagar 1st St
Open 24 hours · 088070 03902",https://www.istudiotech.in/,4.5,N/A,088070 03902,https://www.google.com/maps/search/IT+company+near+Chennai/,+91-8807003902 Facebook icon Twitter icon LinkedIn icon Instagram icon YouTube icon Chennai Bangalore Careers Digital Marketing Internship Portfolio Training Blog Marketing Techniques Events And Conference Frameworks Updates Latest Technologies Web Updates Research EVA Web Design Company Web Development Company in Chennai Web Design Company Web Development Company in Chennai Services Web Design Web Design Affordable Web Design Corporate Web Design Content Management System Creative Web Design HT,4202527862125668085
IT company,Chennai,"Azusys Technologies Private Limited - Software Development, Digital Marketing, WhatsApp Marketing Company in Chennai","Software company · Venkata Ramana Apartments, No.32/145
Open ⋅ Closes 5 pm · 096885 21152",https://azusystech.com/,4.7,info@azusystech.com,096885 21152,https://www.google.com/maps/search/IT+company+near+Chennai/,Privacy Policy Employee Policy Home About Us Product Services Search Engine Optimization Search Engine Optimization Social Media Marketing provide detailed explan Whatsapp Marketing Openup provide pro price Email Marketing Create content by ou AI Tool Voice Generator Speech To Text Image Generation Image Analysis Text Extraction Chat Bot Contact Book Demo,4202534752438781423
IT company,Chennai,"ECOMMERCE WEBSITE DEVELOPMENT COMPANY CHENNAI, MOBILE APP DEVELOPMENT COMPANY CHENNAI, WEB DESIGN COMPANY-ECPHASIS INFOTECH","Website designer · Third floor, Raahat Plaza, Building No.172, Shop No.230 BC, Arcot Rd
Open ⋅ Closes 12 am · 099622 11492",https://www.ecphasisinfotech.com/,4.9,info@ecphasisinfotech.com,099622 11492,https://www.google.com/maps/search/IT+company+near+Chennai/,Call Us Now +91-9025729220 Home About » Profile » Blog Service » Software Development » Web Designing » Web Development » Mobile Application » Software Testing » Digital Marketing » Web Hosting/Maintanance » Graphic Designing Portfolio Careers Contact,4202535596355950535
IT company,Chennai,iFive Technology Private Limited,"Software company · No 7, Nimmathi Nivas F2, W Sivan Koil St
Open ⋅ Closes 9 pm · 044 4957 8899",https://www.ifive.in/,4.9,N/A,044 4957 8899,https://www.google.com/maps/search/IT+company+near+Chennai/,N/A,4202534802143619185
IT company,Chennai,SK IT CORPORATE OPC PRIVATE LIMITED,"Software company · No.172, 3rd Floor, Raahat Plaza, Arcot Rd
Open ⋅ Closes 7 pm · 090923 51902",https://www.itsk.in/,3.9,N/A,090923 51902,https://www.google.com/maps/search/IT+company+near+Chennai/,N/A,4202528418783646817
IT company,Chennai,CodeTez Technologies,"Software company · No 122, S-2, 2nd Floor, 15th Avenue, Jawaharlal Nehru Salai
Closed ⋅ Opens 9:30 am Mon · 099520 74904",https://www.codetez.com/,5.0,contact@codetez.com,099520 74904,https://www.google.com/maps/search/IT+company+near+Chennai/,"facebook twitter +91 99520 74904 contact@codetez.com Request Quote seolounge Home Company About Us Engagement Models Services Mobile Apps Development Software Development Web Development Internet Of Things Contact Us Home Company About Us Engagement Models Services Mobile Apps Development Software Development Web Development Internet Of Things Contact Us Head Office - India No.20/9, Sardar Patel Road, Janaki Complex, 4th Floor, Adyar, Chennai - 600020 Phone: +91 99520 74904 Email: contact@codete",4202535249916720953
IT company,Chennai,Top Web Design Company in Chennai | E-Commerce Website Design & Development Chennai | Mobile App Development Company Chennai,"Website designer ·  · No 2, Nerkundram Pathai
Open 24 hours · 099622 11492",https://www.ecphasisinfotech.com/,4.5,info@ecphasisinfotech.com,099622 11492,https://www.google.com/maps/search/IT+company+near+Chennai/,Call Us Now +91-9025729220 Home About » Profile » Blog Service » Software Development » Web Designing » Web Development » Mobile Application » Software Testing » Digital Marketing » Web Hosting/Maintanance » Graphic Designing Portfolio Careers Contact,4202534557769741015
IT company,Chennai,Agaram InfoTech Private Limited,"Software company · Near, 2-6, First Floor, A Block Pothigai Foundation, Indira Complex, Pillaiyar Koil St
Open ⋅ Closes 6:30 pm · 091769 78555",https://www.agaraminfotech.com/,4.1,sales@agaraminfotech.com,091769 78555,https://www.google.com/maps/search/IT+company+near+Chennai/,"Home Products Agaram Enterprise Solutions - (Ages) Automobile ERP Integrated, Robust and affordable software for Manufacturing Industries. Prime HRMS Ages Entrust all your HR related activities right from Recruitment to Reliving, to the most reliable solution. Brewing ERP Understand Deep Market Analysis, ingenious Market Strategy and Financial planning with all-in-one ERP. Asset Desk Excel in asset analysis, strategy and financial planning. Visitor Ages Optimize Visitor Tracking, Strategic Check",4202534463905726463
IT company,Chennai,Fusiontec Software,"Software company · Suite No.17-A, Second Floor, Crescent Court, 963, Poonamallee High Rd
Open ⋅ Closes 7 pm · 098416 99962",https://fusiontec.com/,4.9,sales@fusiontec.com,098416 99962,https://www.google.com/maps/search/IT+company+near+Chennai/,About Products Net Banking & Payment,4202533596937746357
IT company,Chennai,Impulze info tech solution - Designing and Branding company in chennai,"Software company · Old No:31/6, No:89, E Vanniar St
Open 24 hours · 098945 30811",http://www.impulzeinfotechsolutions.online/,4.7,N/A,098945 30811,https://www.google.com/maps/search/IT+company+near+Chennai/,N/A,4202535654087980811
IT company,Chennai,INCIEN IT SOLUTIONS PVT LTD,"Software company ·  · F1, 1/44, Vellalar St
Open ⋅ Closes 6 pm · 044 4557 6060",http://www.incien.com/,4.2,johnsmith@example.com,044 4557 6060,https://www.google.com/maps/search/IT+company+near+Chennai/,Careers | Contact Toggle navigation Services Products Certification & Training About Toggle navigation Services Products Certification & Training About Contact Careers Toggle navigation Services Products Certification & Training About Contact Careers We craft digital products and services. We combine finest technical craftsmanship with elegant and functional design to ship innovative digital experiences. We have a track record of building successful web and mobile applications for our clients. D,4202534572335427283
IT company,Chennai,Dextra Technologies - Website Development Company in Chennai | SEO & Mobile App Company in Chennai,"Software company · 1st Floor, Aqua Mall, Door #1A, Plot #1, Cart Track Rd
Open ⋅ Closes 7:30 pm · 044 4864 8848",https://www.dextratechnologies.com/,5.0,sales@dextratechnologies.com,044 4864 8848,https://www.google.com/maps/search/IT+company+near+Chennai/,"Dextra Technologies is a Website Development , Web Application , Digital Marketing and Mobile Application leading Company in Chennai . We are all about the web. You would like to do anything with online then, we are the ones you call. Useful Links About Us Blogs Careers Request a quote Terms and Conditions FAQ Privacy Policy Refund Policy Consulting Apply For Internship Contact us Door #1A, Plot #1, 1st Floor, Aqua Mall, Cart Track Road, Velachery, Chennai 600042. sales@dextratechnologies.com +9",4202534640168300595
IT company,Chennai,Trios Technologies Private Limited,"Software company ·  · No.24/5 2nd Floor, Rani Arcade, 1st St, near Ashok Nagar
Open ⋅ Closes 7 pm · 098845 46546",http://www.triostechnology.com/,4.7,support@triostechnology.com,098845 46546,https://www.google.com/maps/search/IT+company+near+Chennai/,"Trios Technologies Pvt Ltd., Services Offering Product Engineering Manufacturing Services Consulting Solutions Smart Plug Sanitizing Machine Smart Lock About Us Contact Us",4202534515258608427
IT company,Chennai,"Vedha Technologies, Chennai","Software company · Hotel Association, 26, Venkatesan St, near Chennai
Open ⋅ Closes 7 pm · 044 4217 8071",http://www.vedha.in/,4.0,hr@vedha.in,044 4217 8071,https://www.google.com/maps/search/IT+company+near+Chennai/,24/7 Client Support +91-9500012060 Mail Us At hr@vedha.in Brochure Download Brochure Office closed due to COVID-19 & Relocation In Progress Home Company About Us Methodology Why Choose us Services Website Design Web Development Responsive Web Design Content Management Web Hosting SEOServices App Development Software Development Digital Marketing Products Career Contact Us Home Company Services Web Design Web  Development Responsive Web Design Content Management Web Hosting SEO Services App Devel,4202533919130163005
IT company,Chennai,Visanka Technologies Pvt Ltd,"Software company · 135A,1st Floor, CRBS Complex, Swamy Naicken St
Open ⋅ Closes 7 pm · 070100 95990",https://www.visankatechnologies.com/,4.8,Sales@visankatechnologies.com,070100 95990,https://www.google.com/maps/search/IT+company+near+Chennai/,Sales@visankatechnologies.com +91 7010095990 Home (current) About Us Services Port Folio Our Packages Latest News Contact Us,4202535695407426921
IT company,Chennai,INSCOMI TECHNOLOGY SERVICES PRIVATE LIMITED(ERP in Chennai),"Software company · 1, 694/87A, Valayapathi Salai
Open 24 hours · 079047 74990",N/A,5.0,N/A,079047 74990,https://www.google.com/maps/search/IT+company+near+Chennai/,N/A,4202532463886220815
IT company,Chennai,Surya Informatics Solutions Pvt. Ltd.,"Software company ·  · No 70/16, Sundarbans building, II Floor, 1st St, Jawaharlal Nehru Salai
Open ⋅ Closes 7 pm · 075388 03058",https://suryainformatics.com/,4.2,hr@suryainformatics.com,075388 03058,https://www.google.com/maps/search/IT+company+near+Chennai/,N/A,4202534521874938529
IT company,Chennai,Zynofus Technologies (OPC) Private Limited,"Software company · 1st Floor, Sundar Bans 70, 16A, 100 Feet Road
Open ⋅ Closes 6:30 pm · 073053 67182",http://zynofus.com/,4.8,hr@zynofus.com,073053 67182,https://www.google.com/maps/search/IT+company+near+Chennai/,"About Us Services Digitization & Digital
                                                        Transformation Software Development E-commerce Solutions Logistics & Supply Chain Management Healthcare IT Solutions Products Enterprise Content
                                                        Management (ECM) Chat bots & AI- powered Assistants Hospital
                                                        Management System (HMS) & Electronic
                                            ",4202535374052117109
IT company,Chennai,Amitysoft Technologies Private Limited,"Software company ·  · 6/22, Second Floor, Dhandapani St
Open ⋅ Closes 8 pm · 044 2432 8077",https://www.amitysoft.com/,4.3,info@amitysoft.com,044 2432 8077,https://www.google.com/maps/search/IT+company+near+Chennai/,"( 044 ) 24328077 , 42035577 info@amitysoft.com HOME About US SERVICES AI Product & Services AI Development Services Product â ITRUSTAI AI Validation Services Enterprise Products & Solutions ERP HCM GROCUS REBUERP Tally ERP Data Analytics IoT Testimonials Our Partners Enterprise Development Services Advisory Services & QA Testing Advisory Audit QA Testing TRAINING Software Testing Big Data PYTHON ERP SQA Testimonials CAREERS BLOG CONTACT US HOME About US SERVICES AI Product & Services AI Develo",4202533920322999185
IT company,Chennai,Fusiontec Software,"Software company · Suite No.17-A, Second Floor, Crescent Court, 963, Poonamallee High Rd
Open ⋅ Closes 7 pm · 098416 99962",https://fusiontec.com/,4.9,sales@fusiontec.com,098416 99962,https://www.google.com/maps/search/IT+company+near+Chennai/,About Products Net Banking & Payment,4202533596937746357
IT company,Chennai,"Vedha Technologies, Chennai","Software company · Hotel Association, 26, Venkatesan St, near Chennai
Open ⋅ Closes 7 pm · 044 4217 8071",http://www.vedha.in/,4.0,hr@vedha.in,044 4217 8071,https://www.google.com/maps/search/IT+company+near+Chennai/,24/7 Client Support +91-9500012060 Mail Us At hr@vedha.in Brochure Download Brochure Office closed due to COVID-19 & Relocation In Progress Home Company About Us Methodology Why Choose us Services Website Design Web Development Responsive Web Design Content Management Web Hosting SEOServices App Development Software Development Digital Marketing Products Career Contact Us Home Company Services Web Design Web  Development Responsive Web Design Content Management Web Hosting SEO Services App Devel,4202533919130163005
IT company,Chennai,JVS Future Technologies,"Software company · 3rd Floor, JVS Future Technologies, Shyamala Towers, 136, Arcot Rd
Open ⋅ Closes 5 pm · 090433 35973",https://jvsfuturetech.com/,4.6,hr@jvsfuturetech.com,090433 35973,https://www.google.com/maps/search/IT+company+near+Chennai/,Home About Us Services Artificial Intelligence Big Data Analytics Mobile App Development Web Development Cloud Computing eCommerce Development Robotic Process Automation Digital Marketing Industries Hospitality Retail / FMCG Manufacturing careers Contact End to end managed IT services We offer end to end managed IT services We develop high-end solutions and envisions to become a leader in technology that synchronizes time and convenience Learn More Learn More Get Service Get Service Artificial I,4202534652449659775
IT company,Chennai,Visanka Technologies Pvt Ltd,"Software company · 135A,1st Floor, CRBS Complex, Swamy Naicken St
Open ⋅ Closes 7 pm · 070100 95990",https://www.visankatechnologies.com/,4.8,Sales@visankatechnologies.com,070100 95990,https://www.google.com/maps/search/IT+company+near+Chennai/,Sales@visankatechnologies.com +91 7010095990 Home (current) About Us Services Port Folio Our Packages Latest News Contact Us,4202535695407426921
IT company,Chennai,OG Software solutions India Pvt Ltd,"Software company · 1st floor, 18, Vembuliamman Koil St
Closed ⋅ Opens 10 am Mon · 090435 88904",http://www.ogsoftwaresolutions.com/,4.0,N/A,090435 88904,https://www.google.com/maps/search/IT+company+near+Chennai/,N/A,4202534574941765833
IT company,Chennai,Pyroferus Technologies,"Software company · 12/304, 2nd Floor, Sona Complex, 52nd Street, 7th Avenue, Ashok Nagar
Open ⋅ Closes 6:30 pm · 044 4500 0232",http://www.pyroferus.com/,4.6,N/A,044 4500 0232,https://www.google.com/maps/search/IT+company+near+Chennai/,N/A,4202534517054199065
IT company,Chennai,Apps Business IT Solutions Private Limited,"Software company ·  · Meenakshi Tower, 13, Rajamannar St
Open ⋅ Closes 4:30 pm · 098840 42897",https://a-bits.com/,3.7,a-bits@abits.com,098840 42897,https://www.google.com/maps/search/IT+company+near+Chennai/,"Home About Us Global Presence Abits-UK Abits-USA Abits-ANZ Products & Solutions Support & Services Careers Contact Us We are Empowering Business Ideas, APPS BUSINESS IT SOLUTIONS Learn More",4202533900969334175
IT company,Chennai,Sage IT,"Computer support and services · Shyamala Towers, 136, Arcot Rd
Closed ⋅ Opens 12 am Mon · 044 4322 7296",https://sageitinc.com/,4.3,N/A,044 4322 7296,https://www.google.com/maps/search/IT+company+near+Chennai/,N/A,4202524095375166545
IT company,Chennai,Aristostech India Pvt Ltd,"Website designer · Door 8, Mamatha Apartments, 2nd Floor, Plot No.5, Rajachar St
Open ⋅ Closes 6:30 pm · 093444 82370",https://aristostechindia.com/,4.8,contact@aristostechindia.com,093444 82370,https://www.google.com/maps/search/IT+company+near+Chennai/,Instagram Facebook-f Linkedin-in Sales & Consultation : +91 9344482370 HR & Internship : +91 9363547744 Web Design Company in Chennai – Responsive Websites Best Web Development Services in Chennai for Your Business Growth Ecommerce Website Development in Chennai – Boost Your Online Sales Software Development Services in Chennai – Custom Solutions for All Industries Home Company About Us Why Choose Us IT Services Software Development Web Development App development E-commerce Development Business,4202533899843585429
IT company,Chennai,Codify Info Solutions Pvt. Ltd,"Software company · FLAT A3,Gangai Apartments, NO.110, 80 Feet Road
Closed ⋅ Opens 10 am Mon · 098414 73881",http://www.codifyinfosol.com/,5.0,anand@codifyinfosol.com,098414 73881,https://www.google.com/maps/search/IT+company+near+Chennai/,Home About Us Services Technologies Projects Testimonials Clients Partners Support,4202534400176364673
IT company,Chennai,Cosmosoft Technologies Ltd.,"Software company ·  · No 141, (Old, NO 75, Arcot Rd
Open ⋅ Closes 6 pm · 044 2372 3206",http://www.ctlindia.com/,3.2,info@ctlindia.com,044 2372 3206,https://www.google.com/maps/search/IT+company+near+Chennai/,Cosmosoft Home Products Services Demo About Contact us,4202534587563245567
IT company,Chennai,Bharat Clouds Private Limited,"Software company · Regus"", 3rd Floor, Shyamala Towers, 136, Arcot Rd
Closed ⋅ Opens 9 am Mon · 093447 72393",http://www.bharatclouds.com/,4.8,info@bharatclouds.com.com,093447 72393,https://www.google.com/maps/search/IT+company+near+Chennai/,"Home Services AI & ML Big Data Cloud Solutions Devops Automation Digital Talent Hunt Products Our Team Contact Us ""People use technology only to mean digital technology. Technology is actually everything we make."" Margaret Atwood Explore more About Us Driven By Passion For Excellence. Deliver Results. Bharat Clouds is a professional IT and ITES company which is engaged in providing innovative and cost-effective tailor-made solutions to its customers to helps in their efforts to modernize their s",4202534532980843373
IT company,Chennai,Savvysoft Technologies (VIVAIT INDIA),"Software company · Vth Floor, Kochar Towers, 19, Venkatanarayana Rd
Open ⋅ Closes 8 pm · 044 4343 7000",https://www.savvy-it.com/,4.3,N/A,044 4343 7000,https://www.google.com/maps/search/IT+company+near+Chennai/,N/A,4202533882393594041
IT company,Chennai,Geektheory,"Software company · 22a, 10, Venkatachalam St
Open 24 hours · 090434 86056",http://geektheo.com/,4.9,info@geektheo.com,090434 86056,https://www.google.com/maps/search/IT+company+near+Chennai/,+91 90434 86056 Chennai Ujjain Home Services Web Design Affordable Web Design Corporate Web Design Content Management System HTML5 Web Design Responsive Web Design Website Redesigning Web Development Php Web Development Progressive Web Apps Real Time Web Application Development Special Framework Development React Js Development Ecommerce Magento Development Startup E-Commerce Premium E Commerce Magento Hosting Mobile App Development Android App Development IOS App Development Hybrid App Developm,4202534668479071735
IT company,Chennai,Pyramidion Solutions,"Software company · 1&1A, 1, Anna Nagar W Ext St
Open ⋅ Closes 12 am · 095660 25629",https://www.pyramidions.com/mobile-app-development-chennai.html,4.3,kamal@pyramidions.com,095660 25629,https://www.google.com/maps/search/IT+company+near+Chennai/,"Home Solutions App Development Mobile App
                            Development Android
                            App
                            Development iOS App
                            Development Flutter App
                            Development Blockchain NFT Marketplace
                            Development Crypto
                            Exchange Development ICO Development Services Smart Contract
                            Development DeFi Development
         ",4202533842539698205
IT company,Chennai,"Wondersoft Private Limited - Retail Management software, Retail POS software, POS software, Pharmacy POS software, Cloud POS","Software company ·  · 120, Aryagowda Rd, near Postal Colony 1st Street
Open ⋅ Closes 6 pm · 044 6670 6655",https://www.wondersoft.com/,4.8,605a7baede844d278b89dc95ae0a9123@sentry-next.wixpress.com,044 6670 6655,https://www.google.com/maps/search/IT+company+near+Chennai/,top of page Industry Apparel and Fashion Apparel & Accessories Pharmacy Pharmacy - Medicine & Drugs Speciality Retail Speciality Retail Footwear & Leather Footwear & Sports Salon & Spa Salon & Spa Health & Beauty Health & Beauty Supermarket & Hypermarket Supermarket & Hypermarket Electronics & Electical Consumer Electronics Food & Beverage Food & Beverages Home Decor Home Décor & Hardware Bags & Luggage Luggage & Bags Pet Supplies Pet Supplies & Services Products eshopaid eShopaid Web based ERP ,4202534526093608739
IT company,Chennai,MI InfoTech,"Software company · 1 Bharathi Nagar First Street, N Usman Rd
Open ⋅ Closes 6 pm",https://miinfotech.co.in/,4.3,info@miinfotech.co.in,N/A,https://www.google.com/maps/search/IT+company+near+Chennai/,N/A,4202535729294703899
IT company,Chennai,Mahadhi Technologies (P) Ltd,"Software company · 7/6, Samiyar Garden Street
Open ⋅ Closes 7 pm · 090423 98423",http://www.mahadhi.com/,4.9,info@mahadhi.com,090423 98423,https://www.google.com/maps/search/IT+company+near+Chennai/,Transforming Information Technology for a better world Welcome to Mahadhi Technologies! Contact Us Digitally enable your business with the right IT Solutions Get full control of your business digitally! Explore Solutions Reliable IT Partner We are your reliable IT partner and we render support to your IT needs Growth Enablers We enable growth by using the right technological solutions Tackle Challenges We help you tackle business problems with our innovative IT solutions Business Growth We help ,4202534530931380379
IT company,Chennai,Maxx Business Solutions,"Software company ·  · 7B, Sapna Trade Centre, 135 Poonamalee High Road, near, Appartment, next to Indian Oil Petrol Pump, near Prince Courtyard
Open ⋅ Closes 6 pm · 091766 93166",http://maxxerp.com/,4.6,support@maxxerp.com,091766 93166,https://www.google.com/maps/search/IT+company+near+Chennai/,MAXX – Freedom Of Business MAXX is a Multinational integrated software solution that empowers entrepreneurs to manage entire business operations effectively by getting every aspect of business flow in control & traceable with complete clarity & ease. It is a very simple and user-friendly software system that promotes sustained and peaceful organizational growth with robust systems and process in place. We reply on all questions within 24 h We offer support for our customers Mon - Sat 10 am - 06 ,4202533428844595317
IT company,Chennai,Hendoi Technologies Private Limited,"Website designer · 19, Hanuman Koil St, opposite to MGM Hall
Open ⋅ Closes 8 pm · 096772 61485",https://www.hendoi.com/,4.4,support@hendoi.com,096772 61485,https://www.google.com/maps/search/IT+company+near+Chennai/,Hendoi Home About Services Website Development Mobile App Development Web Application Development Desktop Application Development AI Agent Development WordPress Development Contact FAQ Careers +91-9677261485 Get Quote,4202535616918163127
IT company,Chennai,CodeBind Technologies,"Software company ·  · 107, N Usman Rd
Open 24 hours · 097896 17617",https://www.codebindtechnologies.com/,4.8,info@codebindtechnologies.com,097896 17617,https://www.google.com/maps/search/IT+company+near+Chennai/,+91 9789  617 617 info@codebindtechnologies.com Register Now Home About Who We Are Why Choose Us Company Profile Career Inplant Training (IPT) Inplant Training (IPT) for CSE Inplant Training (IPT) for IT Inplant Training (IPT) for ECE Inplant Training (IPT) for EEE Inplant Training (IPT) for AI&DS Inplant Training(IPT) for Biomedical Inplant Training (IPT) for Machine Learning Inplant Training (IPT) for Data Science Inplant Training (IPT) for EIE Inplant Training (IPT) for ICE Inplant Training (,4202533934517397183
IT company,Chennai,TCS CHENNAI,"Software company ·  · Industrial Estate, 21, Ambattur Industrial Estate 1st Cross Rd
Open 24 hours",https://www.tcs.com/,4.2,N/A,N/A,https://www.google.com/maps/search/IT+company+near+Chennai/,"Click here or press enter to go to homepage What we do Who we are Insights Careers Newsroom Investors Worldwide Contact us tata.com logo Open in New Tab Perpetually Adaptive Enterprise Press tab for submenu items Where adaptability meets advantage At TCS, we don’t just help businesses transform. We help them become perpetually adaptive enterprises, built to evolve continuously and confidently in a world of constant change. Adaptability starts here Industries Banking Capital Markets Consumer Pack",4202531274189168851
IT company,Chennai,Layots Technologies Pvt Ltd - IT infrastructure provider in Chennai,"Computer support and services · No. 82 (116, Velachery Rd
Closes soon ⋅ 1 pm ⋅ Reopens 2 pm · 099623 95939",https://layots.com/,4.5,N/A,099623 95939,https://www.google.com/maps/search/IT+company+near+Chennai/,N/A,4202534845015271925
IT company,Chennai,Sage Software Solutions Pvt Ltd | ERP & CRM Provider in Chennai,"Software company · Dhwarco MiniStar, Plot, 12C/1, 3rd Cross St
Closed ⋅ Opens 8:30 am Mon · 099626 66339",https://www.sagesoftware.co.in/,4.7,flags@2x.png,099626 66339,https://www.google.com/maps/search/IT+company+near+Chennai/,Home Products Close Products Open Products Sage 300 A preferred choice of next-gen business leaders to take key business decision Read more SAGE X3 Take full control of your business operations with Sage Enterprise Management. Read more Sage Intacct AI-powered financial management with the India Localization Suite Read more SAGE CRM Know your customers better with the most trusted CRM system. Read more Industries Close Industries Open Industries DISCRETE MANUFACTURING Manufacturing Automotive Fu,4202535145231181495
IT company,Chennai,CH Solutions,"Software company · 1, 1st Floor, Bharathi Nagar First Street, North, N Usman Rd
Open ⋅ Closes 7 pm",https://chsolutions.co.in/,4.2,info@chsolutions.co.in,N/A,https://www.google.com/maps/search/IT+company+near+Chennai/,Home About us Why Us Development Design Career Contact Us,4202526955274623805
IT company,Chennai,SIMTEK - Authorized SOLIDWORKS Reseller in Chennai,"Software company ·  · 3rd Floor, ""Mamanjee Centre"" ,, S7-A, Thiru-Vi-Ka Industrial Estate, Guindy,
Open ⋅ Closes 6 pm · 087544 47021",https://simtek.in/,4.3,marketing@simtek.in,087544 47021,https://www.google.com/maps/search/IT+company+near+Chennai/,Home Products SOLIDWORKS SOLIDWORKS 3D CAD SOLIDWORKS ULTIMATE Simulation SOLIDWORKS Simulation SOLIDWORKS Flow Simulation SOLIDWORKS Plastics Data Management SOLIDWORKS PDM SOLIDWORKS Manage SOLIDWORKS Electrical SOLIDWORKS CAM Technical Communication SOLIDWORKS COMPOSER SOLIDWORKS Inspection SOLIDWORKS MBD SOLIDWORKS Visualize DraftSight 3DEXPERIENCE WORKS 3DEXPERIENCE DESIGN Simulate/SIMULIA Manage/ENOVIA Manufacturing / DELMIA CIMATRON Mold Design Die Design Electrode Design NC Programming W,4202534927759824881
IT company,Chennai,Dextra Technologies - Website Development Company in Chennai | SEO & Mobile App Company in Chennai,"Software company · 1st Floor, Aqua Mall, Door #1A, Plot #1, Cart Track Rd
Open ⋅ Closes 7:30 pm · 044 4864 8848",https://www.dextratechnologies.com/,5.0,sales@dextratechnologies.com,044 4864 8848,https://www.google.com/maps/search/IT+company+near+Chennai/,"Dextra Technologies is a Website Development , Web Application , Digital Marketing and Mobile Application leading Company in Chennai . We are all about the web. You would like to do anything with online then, we are the ones you call. Useful Links About Us Blogs Careers Request a quote Terms and Conditions FAQ Privacy Policy Refund Policy Consulting Apply For Internship Contact us Door #1A, Plot #1, 1st Floor, Aqua Mall, Cart Track Road, Velachery, Chennai 600042. sales@dextratechnologies.com +9",4202534640168300595
IT company,Chennai,Chennai Sunday System,"Software company · No.1/1, 15 th Street , Vel Shelter Flat, 4th Ave
Open ⋅ Closes 6 pm · 095661 37117",http://chennaisunday.com/,4.6,chennaisunday@gmail.com,095661 37117,https://www.google.com/maps/search/IT+company+near+Chennai/,N/A,4202534535913252695
IT company,Chennai,Zoho Partner Chennai - Fristine Infotech Pvt. Ltd,"Software company · Office No.-3, Shalom Building, 4, Mannar St
Open ⋅ Closes 6 pm · 085910 44966",https://fristinetech.com/?utm_source=google&utm_medium=affiliate&utm_term=&utm_content=&utm_campaign=gmb-chennai-listing,5.0,N/A,085910 44966,https://www.google.com/maps/search/IT+company+near+Chennai/,N/A,4202534718831604695
IT company,Chennai,Cognizant Technology Solutions,"Software company ·  · DLF IT Park Rd
Open 24 hours · 1800 208 6999",http://www.cognizant.com/,4.3,inquiry@cognizant.com,1800 208 6999,https://www.google.com/maps/search/IT+company+near+Chennai/,Careers News Events Investors IN-EN Americas Argentina Brazil Canada ( En | Fr ) Costa Rica El Salvador Mexico United States Middle East Visit our Regional Website Europe Belgium ( Fr | Nl | En ) Denmark Finland France Germany Hungary Italy Latvia Lithuania Norway ( Nb | En ) Poland Portugal Romania Spain Sweden ( Sv | En ) Switzerland ( Fr | En | De ) The Netherlands United Kingdom & Ireland Asia Pacific Australia China ( En | 中文 ) Hong Kong SAR India Japan ( 日本語 ) Malaysia New Zealand Philippi,4202527894785069469
IT company,Chennai,INSCOMI TECHNOLOGY SERVICES PRIVATE LIMITED(ERP in Chennai),"Software company · 1, 694/87A, Valayapathi Salai
Open 24 hours · 079047 74990",N/A,5.0,N/A,079047 74990,https://www.google.com/maps/search/IT+company+near+Chennai/,N/A,4202532463886220815
IT company,Chennai,Factana Computing Inc - Industrial AI Solution Provider,"Software company · 43, 80 Feet Road
Closed ⋅ Opens 8 am Mon · 080 4300 7165",https://www.factana.com/,N/A,N/A,080 4300 7165,https://www.google.com/maps/search/IT+company+near+Chennai/,N/A,4202535178072553693
IT company,Chennai,"PDI Software India LLP, Chennai","Software company ·  · #157, 2nd & 3rd Floor, Gopathi Narayanaswami Chetty Rd
Closed ⋅ Opens 11 am Mon · 044 4203 5858",https://pditechnologies.com/,4.6,N/A,044 4203 5858,https://www.google.com/maps/search/IT+company+near+Chennai/,How We Help By Industry By Solution By Industry By Solution Business priority Convenience Retail Convenience Retail Increase Profits Simplify Operations Secure Your Data View All Carriers and Haulers Carriers and Haulers Optimize Operations Improve Visibility Automate Scheduling View All Petroleum Wholesale Petroleum Wholesale Streamline Operations Sell More Gallons Integrate Systems View All Consumer Brands Consumer Brands Engage Consumers Directly Expand Brand Reach View All Consumer Packaged ,4202533923499974365
IT company,Chennai,GKM Apps,"Software company · Santha Flats, 32/50, Mannar 2nd St
Open ⋅ Closes 9 pm · 097510 44317",https://gkmapps.com/,5.0,gkgaja@gmail.com,097510 44317,https://www.google.com/maps/search/IT+company+near+Chennai/,Menu Menu Home About Contact,4202535148719396881
IT company,Chennai,"Inspire Networks (ERP Service in Chennai ""Official Odoo Partner"")","Software company · No.158,Guleacha Towers,2nd Floor, Arcot Rd, opp. to Vijaya Forum Mall
Open ⋅ Closes 2 pm · 093448 21195",https://www.inspirenetworks.in/,3.7,info@inspirenetworks.in,093448 21195,https://www.google.com/maps/search/IT+company+near+Chennai/,+91 90434 96458 info@inspirenetworks.in Facebook Twitter Youtube Linkedin Instagram Home About Us Service Digital Marketing Web Development Graphic  Design Search Engine Optimization More Detail's Social Media Marketing More Detail's Email Marketing More Detail's YouTube Marketing More Detail's Lead Generations More Detail's Wordpress Development More Detail's woocommerce More Detail's wix More Detail's Shopify  Development More Detail's Design Posters More Detail's Logo Creation More Detail's C,4202535397055598291
IT company,Chennai,Photon Interactive Private Limited,"Software company ·  · Floor 2, 1/124, Block5, Mount Poonamallee Rd
044 3061 8000",https://www.photon.com/,4.2,White@2x.png,044 3061 8000,https://www.google.com/maps/search/IT+company+near+Chennai/,N/A,4202534953624095631
IT company,Chennai,White House Business Solutions P Ltd,"Software company · 1096, Poonamallee High Rd
Open ⋅ Closes 6 pm · 044 2561 9000",http://www.whitehouseit.com/,4.7,info@whitehouseit.com,044 2561 9000,https://www.google.com/maps/search/IT+company+near+Chennai/,Home Company About us Partners Careers Awards Services & Solutions eLearning Solutions Content Development Content Transformation Microlearning LMS Solution Moodle Customization Massive Open Online Course (MOOC) Application Development Mobile Application Development Open Source Software Customization IoT Solutions ERP Solutions News Contact Us Home Company About us Partners Careers Awards Services & Solutions eLearning Solutions Content Development Content Transformation Microlearning LMS Soluti,4202533585039437681
IT company,Chennai,Mirror Institute For Embedded Technology (MIET)Embedded System Training Institute Placement Assured Embedded System Courses,"Software Training Institute ·  · No - 184/2, 3rd Floor, Chandamama Building, Arcot Rd
Open 24 hours · 093809 48474",http://www.lastbenchindia.com/,4.9,N/A,093809 48474,https://www.google.com/maps/search/IT+company+near+Chennai/,N/A,4202534549284061571
IT company,Chennai,SecureKloud Technologies Ltd,"Software company · 5th floor, Bascon Futura Sv It Park, SV 10/1, Venkatanarayana Rd
Open ⋅ Closes 5 pm · 044 6602 8000",https://www.securekloud.com/,4.1,info@securekloud.com,044 6602 8000,https://www.google.com/maps/search/IT+company+near+Chennai/,Products DocuGenieAI CloudEdge DataEdge Services Cloud Managed Services Machine Learning Services Application Modernization Cybersecurity Offerings Professional Staffing Services Hyper Tech Solutions Gen AI & LLM Robotic Process Automation Blockchain Resources Blog Whitepapers Webinars Case Studies Company About Us Investors Newsroom Careers Contact Us,4308706874696645597
IT company,Chennai,CEI India Pvt Ltd | IT Services & Software Company | Chennai,"Software company ·  · 27, Akshaya Shanthi 44, 44, Anna Salai
Closed ⋅ Opens 12 am Mon · 044 4221 0500",https://www.ceiamerica.com/,4.5,N/A,044 4221 0500,https://www.google.com/maps/search/IT+company+near+Chennai/,AI Innovation Vector-6 Clairvoyance Foundation Enterprise Assistants AI Knowledge Management AI Managed Services GitHub Copilot Clairvoyance Automation Clairvoyance Data Analytics Solutions Vector-6 Microsoft Solutions AWS Solutions GitHub Solutions Infrastructure Solutions Strategy & Advisory Talent Acquisition IT Managed Services Infrastructure Managed Cybersecurity vCISO Service Desk CEI Clairvoyance Enterprise Platforms Vector-6 Services Overview CRM Services ERP Services Sitecore Solutions ,4202533920424744639
IT company,Chennai,MercuryMinds,"Software company · No.14/21, Desigar Street, Landmark: Backside of Police Station, Opp: MGR Primary School
Closed ⋅ Opens 9:30 am Mon · 044 4213 6491",https://www.mercuryminds.com/,4.4,N/A,044 4213 6491,https://www.google.com/maps/search/IT+company+near+Chennai/,Skip to content Menu Retail & ECommerce E-Commerce Mobile Commerce Visual Commerce B2C Marketplace B2B & Wholesale Subscription Commerce Online Auction Platform Retail Point-Of-Sale Loyalty rewards program ECommerce Services XCart Design & Development Services Magento Design & Development Services WooCommerce Development Service E-Commerce Catalog Management Services Web WordPress Design & Development Services Mobile Native mobile app development Iphone App Development Ipad App Development Andro,4202534549771273211
IT company,Chennai,C-Square Info Solutions Ltd,"Software company ·  · No. 54/2, 1st Floor Raja Bather Street, New Colony Rd
Open ⋅ Closes 6:30 pm · 044 4212 9117",https://www.csquare.in/,4.8,salesenquiries@c2info.com,044 4212 9117,https://www.google.com/maps/search/IT+company+near+Chennai/,Home About Us Services Channel Partner Consulting Services Customer Support Products EcoGreen EcoGreen Express EcoGreen Lite Go4+ LiveOrder PharmAssist SFA360 StoreTrack Blogs Contact Us Home About Us Services Channel Partner Consulting Services Customer Support Products EcoGreen EcoGreen Express EcoGreen Lite Go4+ LiveOrder PharmAssist SFA360 StoreTrack Blogs Contact Us,4202533912710453939
IT company,Chennai,Sedin Technologies,"Software company · A1/1, 49th Street, 7th Ave
Closed ⋅ Opens 9 am Mon · 411333390",https://sedintechnologies.com/,4.3,N/A,N/A,https://www.google.com/maps/search/IT+company+near+Chennai/,N/A,4202534524057649381
IT company,Chennai,Elite Career Solutions,"Software company · NO:10, Harini Complex 3rd Floor, Bharathidasan Street
Open ⋅ Closes 6:30 pm · 044 4269 7264",N/A,4.8,N/A,044 4269 7264,https://www.google.com/maps/search/IT+company+near+Chennai/,N/A,4202534480941027485
IT company,Chennai,Afynd - IT Solutions & IT Staffing Service in Chennai,"Software company · 17/A2, 3rd Floor, Daaru Complex, Gandhi St
Open ⋅ Closes 6 pm · 044 4272 1119",http://afynd.com/,4.6,info@afynd.com,044 4272 1119,https://www.google.com/maps/search/IT+company+near+Chennai/,Home About Us Services Features Project Clients Contact Us,4202528075651542877
IT company,Chennai,PickZy,"Software company · JVL Plaza Building, 6th and Ground Floor, Anna Salai
Open ⋅ Closes 5 pm · 044 4501 4466",http://www.pickzy.com/,3.4,sales@pickzy.com,044 4501 4466,https://www.google.com/maps/search/IT+company+near+Chennai/,"Services Mobile Web & Desktop Applications UI / UX Design Marketing IOS We are one of the Best iOS Mobile App Developer in UK, US & India, will get you a well featured Apple iOS Apps based on your exhaustive requirements, and within the planned affordable budget limit. Android In mobile app industry Play store holds more number of apps when compared to any other app market, it shows reach of the industry to common man. Hire us for your Android app development services. Windows With our base root",4202535419928722241
IT company,Chennai,Excelanto Cloud Systems Pvt ltd - ERP Company in Chennai,"Software company · 2nd Floor,B block, Lakshmi Towers No 9, NO 93, Arcot Rd
Closed ⋅ Opens 12 am Mon · 099942 61305",https://www.excelanto.com/excelanto-technologies-current-openings.php,4.6,info@excelanto.com,099942 61305,https://www.google.com/maps/search/IT+company+near+Chennai/,"info@excelanto.com +91- 999 426 1305 . Menu About Us Solutions & Services IT Infrastructure Services IT Infrastructure Services Portfolio Remote Infrastructure Services & Shared Services Cloud Services and Management Consulting, SI and Professional Services Delivery Models Our Methodology Enterprise Solutions Enterprise Products ERP For Manufacturing & Trading Solutions For Hospitality Solutions For Logistics Solutions For Education Solutions For Retail Digitization Services E-Commerce Solutions",4202534814792504171
IT company,Chennai,Platlap Solutions,"Software company · 3rd Floor, MK Towers, 25/4, Arcot Rd
Open ⋅ Closes 4 pm · 044 4341 8800",http://www.platlap.com/,4.2,N/A,044 4341 8800,https://www.google.com/maps/search/IT+company+near+Chennai/,N/A,4202534435465045265
IT company,Chennai,ZakApps,"Software company ·  · 1, 2nd Floor, Senthil Towers, 1st Ave
Closed ⋅ Opens 10 am Mon · 044 4203 4280",http://www.zakapps.com/,4.5,moonbow@10x-8.png,044 4203 4280,https://www.google.com/maps/search/IT+company+near+Chennai/,N/A,4202534544337983537
IT company,Chennai,"Cloud Next Solutions (ERP Service in Chennai ""Official Odoo Partner"" | ""Official Zoho Partner"")","Software company · Forum mall, No 159, Gulecha Towers, Arcot Rd, opp. to Vijaya
Closed ⋅ Opens 9:30 am Mon · 093448 21195",https://www.cloudnextsolutions.com/,4.1,hello@cloudnextsolutions.com,093448 21195,https://www.google.com/maps/search/IT+company+near+Chennai/,Home Services Odoo Services Zoho Services Accounting and Billing Softwares Website-eCommerce-SEO API Integration Digital Marketing Mobile Application Development Enterprise ERP Services Solutions/Products ERP Solutions CRM Solutions Billing Solutions Accounting Solutions ECOMMERCE Solutions HR Solutions Project Management Solutions CNS Billing Solutions Odoo Odoo ERP Odoo Implementation & Customization Odoo Training & Support Customized ERP Pricing About Us Company History Mission & Vision Caree,4202535385583691491
IT company,Chennai,IZEON INNOVATIVE PVT LTD,"Software company · No:66, Chennai City Centre, 3rd, Thirumalai Pillai Rd
Open ⋅ Closes 7 pm · 086376 75438",http://www.izeoninnovative.com/,4.4,info@izeoninnovative.com,086376 75438,https://www.google.com/maps/search/IT+company+near+Chennai/,Location + 91-863 767 5438 info@izeoninnovative.com Home About Service Pricing Plan Design & Development Gallery Blog Contact Us Internship,4202534966210053843
IT company,Chennai,Zuan Technology Solutions,"Software company ·  · No 61, 2nd Floor (S1), Arcot Road Kodambakkam Opp: Chennai Mobiles Showroom
Closes soon ⋅ 1:30 pm ⋅ Opens 9 am Mon · 096009 72225",https://www.zuantechnologies.com/,4.0,N/A,096009 72225,https://www.google.com/maps/search/IT+company+near+Chennai/,N/A,4202534592829672277
IT company,Chennai,RheinBrücke IT Consulting Pvt Ltd,"Software company · Bharati Vilas, First Floor, 26 B, Jawaharlal Nehru Salai
Closed ⋅ Opens 9:30 am Mon · 044 6671 7555",http://www.rheincs.com/,4.2,info@rheincs.com,044 6671 7555,https://www.google.com/maps/search/IT+company+near+Chennai/,BLOG DE / EN | Home About Us Overview Leadership Customer Speak Success Stories Solutions Our Solutions CorusHR MeRLIN – Strategic Sourcing Software Consulting & Advisory Services ERP Selection Advisory Services Program And Project Management IT Business Excellence Enterprise Solutions & Services EPICOR Epicor Cloud Epicor-Payroll-MEA Epicor Support+ Microsoft Dynamics SAP Sugar CRM Digital Solutions and Services Application Maintenance & Support Business Intelligence Services Open Source Techno,4202534805456318637
IT company,Chennai,JKS Info Tech Pvt Ltd,"Software company · 21, Sri Ramulu St
Closed ⋅ Opens 10 am Mon",http://jksinfotech.in/,4.6,N/A,N/A,https://www.google.com/maps/search/IT+company+near+Chennai/,N/A,4202534344852121543
IT company,Chennai,MyInception Tech,"Software company · No:7/3,Shanthi Nivas, 2nd Floor, Madley Road, Ashoka Nagar
Open ⋅ Closes 7 pm · 098847 92981",http://www.myinceptiontech.com/,4.8,N/A,098847 92981,https://www.google.com/maps/search/IT+company+near+Chennai/,N/A,4202535090259429541
IT company,Chennai,Scorpio Technologies,"Software company · B Block, 2nd Floor, Scorpio Technologies, Lakshmi Towers, 93, Arcot Rd
Open ⋅ Closes 2 am · 097104 45243",http://www.scorpiotechnologies.com/,4.4,info@scorpiotechnologies.com,097104 45243,https://www.google.com/maps/search/IT+company+near+Chennai/,HOME ABOUT SERVICES Web Designing Corporate Website Design Services CMS-Based Web Design Web Designing in Chennai Graphic Designing Web Hosting Services Windows Hosting Linux Hosting Java Web Hosting PHP Web Hosting Front Page Web Hosting Best Web Hosting In Chennai E-commerce Solution Digital Marketing SEO Services Link Building SMO Services Pay-per Click Services SEO Services in Chennai SEO Services in Bhubaneswar Domain Registration Domain Registration in Chennai Domain Registration In Bhuban,4202534592700640269
IT company,Chennai,ifelse Technologies [IFELSE TECHSMART SOLUTIONS PVT LTD],"Software company · 16/4, Salai St
Open ⋅ Closes 7 pm · 098848 99868",https://ifelsetech.com/,4.4,N/A,098848 99868,https://www.google.com/maps/search/IT+company+near+Chennai/,Call us today! Home About Us Products ERP Onfra ITS Jewellery Price Plugin ADDONS Online Grievance Redressal System Online Accounting Software itsNGO eCertificate Careers Contact Us,4202533429151459513
IT company,Chennai,Bocxy Technologies Private Limited.,"Software company · BBCL Sukriti, No 49
Open ⋅ Closes 7 pm · 097878 97873",https://bocxy.com/,5.0,N/A,097878 97873,https://www.google.com/maps/search/IT+company+near+Chennai/,N/A,4202534590203923631
IT company,Chennai,FriendLoan Technologies Pvt. Ltd,"Software company · 12th Floor New No 10/2, Old No, Bascon Futura Sv It Park, 56L, Venkatanarayana Rd
Open ⋅ Closes 7 pm · 080 6964 9989",https://friendloan.in/,4.7,support@friendloan.in,080 6964 9989,https://www.google.com/maps/search/IT+company+near+Chennai/,"Skip to content Home About Us Career Contact Us Pay EMI Apply now Get Personal Loans Upto Rs. 5,00,000 in 10 Minutes Lorem Ipsum is simply dummy text of the printing and typesetting industry. Subscribe Free 14-day trial No credit card required Personal Loans for All Your Needs It is a long established fact that a reader will be distracted by the readable content of a page when looking at its layout. Apply now Watch Demo Personal Loans for All Your Needs It is a long established fact that a reade",4202533896086424321
IT company,Chennai,ESK SOFTWARE SERVICES (P) LTD,"Software company · Madley Rd
Open ⋅ Closes 2 pm · 044 6453 2805",http://www.esksoft.com/,3.7,N/A,044 6453 2805,https://www.google.com/maps/search/IT+company+near+Chennai/,ESK Software Services Best Staffing Solutions Home About us Services US Staffing Current Openings Industries Gallery Contact us Privacy Policy Welcome to ESK Software Services Your Recruiting Partner for the Digital Age. ESK Software Services is  Lead by a team of Professional with a foremost focus of giving the best recurrent Services in all vertical over the decade of experience. US Staffing Current Jobs What We Do An array of services encompassing Permanent Placements. No unnecessary overhead,4202534518829868243
IT company,Chennai,Vyapin Software Systems Private Limited,"Software company · Sunshine” New, 2A, “K.G, 12th Ave
044 2471 7142",https://www.vyapinsoftware.com/,4.2,sales@vyapin.com,044 2471 7142,https://www.google.com/maps/search/IT+company+near+Chennai/,Questions? Free Trial USA: +1 (908) 864-6428 Global: +91-44-2471 7142 Support Hours (M - F): 9am - 8pm IST (GMT+5:30) Email: sales@vyapin.com | support@vyapin.com Call Now: +1 (908) 864-6428 PRODUCTS SharePoint Online SharePoint Migration SharePoint Archive & Restore SharePoint Export SharePoint Metadata Manager SharePoint Data Integration SharePoint Reports Microsoft 365 Exchange Online Reports SharePoint Online Reports Audit and Compliance Reports Teams Reports Microsoft 365 Manager Microsoft ,4202534784788225665
IT company,Chennai,GSOT Software Services Private Limited,"Software company · 31/23, 2nd Floor, Dr Ambedkar Rd
Closed ⋅ Opens 9:30 am Mon · 044 2481 4243",http://www.gsot.com/,4.5,info@gsot.com,044 2481 4243,https://www.google.com/maps/search/IT+company+near+Chennai/,"Home Why GSOT? Why OMS? Global Customers Our Products GSOT OnBoard GSOT Embark Key Differentiators & Assets Our Services OM Implementations Beyond OMS Rapid Deployment Options Case Studies Contact Us Blogs Resources Search for: Home ibsl_admin 2025-06-05T11:25:32+01:00 Welcome to GSOT GSOT is an Order Management specialist powered by experienced consultants, who have in-depth product and retail best practice knowledge. WHY GSOT? Our Services We specialise in implementing rapid on-time, on-budget",4202534581734358155
IT company,Chennai,Ithinkerz Techno Solutions,"Software company · 33/32, 33/32, Railway Border Rd, next to Kodambakkam Railway Station
Open ⋅ Closes 7:05 pm · 080561 09248",http://www.ithinkerz.com/,4.6,hr@ithinkerz.com,080561 09248,https://www.google.com/maps/search/IT+company+near+Chennai/,Home About Us Services UX/UI Design Enterprise Software  Development Mobile App Development e-Commerce Website Development Technologies Artificial Intelligence Internet Of Things Blockchain  Development Cyber Security Careers Contact Us,4202534899031093975
IT company,Chennai,Imirisoft IT Solutions Private Limited,"Software company · 2nd floor, 18/12A, Brindavan St Ext
Closed ⋅ Opens 9:30 am Mon · 099525 82632",http://www.imirisoft.com/,4.8,enquiry@imirisoft.com,099525 82632,https://www.google.com/maps/search/IT+company+near+Chennai/,"Why imirisoft? You might be unsure of why you might wish to choose ImiriSoft as your go-to for improving solutions and taking projects further. To help you understand why so many people decide to come to us, weâve broken down a list of why coming to see us and work with our team might be the best thing for you. We work on complex subjects that otherwise would not be worth investing such effort and challenge into. We work on complex subjects, but we make sure that the end result and the quality",4202532765942909769
IT company,Chennai,Ask Technology,"Software company · 36, Railway Border Rd
Open ⋅ Closes 7:30 pm",http://www.asktek.net/,4.7,sales@asktek.net,N/A,https://www.google.com/maps/search/IT+company+near+Chennai/,"sales@asktek.net +91 98408 99559 044-45034080 Products Discover Apparel ERP Solution Explore A range of Innovation Solutions Design to Enhance every aspect of your Apparel Business From Enquiry to Shipment. GARMENTS Explore Business Management Solution Discover a variety of Tailored Solution for efficient Order Management , Inventory , Supply Chain and Finance Optimization. PRODUCT services Mobile App Solutions Enterprise Application Development E-Commerce Application Development UI/UX Strategy ",4202535240637656437
IT company,Chennai,NCS SoftSolutions (P) Ltd.,"Corporate office ·  · I,II & III Floor, 70, Aryagowda Rd
Open ⋅ Closes 6:30 pm · 044 2473 5415",https://www.ncssoft.in/,3.8,marketing@ncssoft.in,044 2473 5415,https://www.google.com/maps/search/IT+company+near+Chennai/,Home About Us Careers Products Products Co-creation Consulting Clients Partners Blog Accolades Contact,4202534629962720331
IT company,Chennai,VGOSH INFO,"Software company · 189, 1st Floor, 8th St
Open ⋅ Closes 9 pm · 086675 03036",https://vgoshinfo.com/,4.7,contact@vgoshinfo.com,086675 03036,https://www.google.com/maps/search/IT+company+near+Chennai/,Twitter Facebook-f Linkedin-in Youtube +1 (954)-804-4785 contact@vgoshinfo.com Home About Us Technologies Services Analytics as a Service Cloud Migration Crypto Product Development CTO as a Service Data Center Services Database Support Services Digital Marketing Digital Transformation E-Commerce Solutions IT Recruitment Solutions Mobile App Development Monitoring Services and Analytics UI/UX Design Offshore Development Reputation Management as a Service Sales Scale-Up Social Media Storage as a S,4202534407907006447
IT company,Chennai,Jalls Media,"Software company · second floor, Lakshmi Arcade, New No:47, N Usman Rd",http://www.jallsmedia.co.in/,4.4,info@jallsmedia.co.in,N/A,https://www.google.com/maps/search/IT+company+near+Chennai/,JM Jalls Media Home About Us Services Software Development Website Development Mobile App Development Industries Life Science & Healthcare software Development Solution Hospitality & Travel App Development Solutions Education & e-Learning Software Development Solution Custom Insurance Software Development Solutions Contact,4202535119190454413
IT company,Chennai,Spiro Prime Tech Services,"Research foundation ·  · 3rd Floor, Upstairs, Hotel Murugan Idly, 78, N Usman Rd
Open ⋅ Closes 7 pm · 099620 67067",http://www.spiroprojects.com/,4.5,spiroprojects@gmail.com,099620 67067,https://www.google.com/maps/search/IT+company+near+Chennai/,"Home About Us Company Profile Why SPIRO? Working at SPIRO Student Testimonials Training Method Projects B.E Projects B.Tech Projects BCA Projects BSC Projects M.E Projects M.Tech Projects MSC Projects MPHIL Projects MCA Projects MSc Projects PHD Projects Diploma Projects Mini Projects Courses Android .NET Programming Embedded System VLSI MATLAB - Image Processing MATLAB - Communication MATLAB - Power Electronics C Programming C++ Programming Java  Programming NS2 HTML, CSS & JAVASCRIPT PHP with ",4202534650917089139
IT company,Chennai,GINEESOFT SOLUTIONS - Excel Automation in Chennai,"Software company · No.2/26, 2nd Floor, Arangappan St
Open ⋅ Closes 6:30 pm · 098844 55440",http://gineesoft.in/,5.0,N/A,098844 55440,https://www.google.com/maps/search/IT+company+near+Chennai/,Home About Us Services Excel Automation Power BI Power Automate Powerapps Developer Web Development Mobile \ Web Application Software Development Digital Marketing Training and Certificate Training Career Blog Contact REGISTER NOW Search for: Let's Talk,4202535247883478089
IT company,Chennai,Warmy Solutions,"Computer support and services · Third Floor, West Wing, 107, N Usman Rd, opposite to The Chennai Silks
Open ⋅ Closes 6 pm",https://warmy.co.in/,4.3,N/A,N/A,https://www.google.com/maps/search/IT+company+near+Chennai/,N/A,4202535683822056751
IT company,Chennai,Inspire Network Technology Solutions Pvt Ltd.,"Marketing agency · 2nd Floor, Gulecha Towers, 158, Arcot Rd
Open ⋅ Closes 6 pm · 090434 96458",http://www.inspirenetworks.in/,4.7,info@inspirenetworks.in,090434 96458,https://www.google.com/maps/search/IT+company+near+Chennai/,+91 90434 96458 info@inspirenetworks.in Facebook Twitter Youtube Linkedin Instagram Home About Us Service Digital Marketing Web Development Graphic  Design Search Engine Optimization More Detail's Social Media Marketing More Detail's Email Marketing More Detail's YouTube Marketing More Detail's Lead Generations More Detail's Wordpress Development More Detail's woocommerce More Detail's wix More Detail's Shopify  Development More Detail's Design Posters More Detail's Logo Creation More Detail's C,4202533047587085027
IT company,Chennai,Sedin Technologies Private Limited - DevCenter,"Software company · Plot No.490, 46th St
Closed ⋅ Opens 9 am Mon · 05062 301 305",https://sedintechnologies.com/,4.4,N/A,05062 301 305,https://www.google.com/maps/search/IT+company+near+Chennai/,N/A,4202534490935068465
IT company,Chennai,SEAL Infotech,"Software company · No. 56L, Bascon Futura Sv It Park, Venkatanarayana Rd
Closed ⋅ Opens 10 am Mon · 044 6618 7000",N/A,4.3,N/A,044 6618 7000,https://www.google.com/maps/search/IT+company+near+Chennai/,N/A,4202533920451235375
IT company,Chennai,"AV Infotechnologies – IT Solutions, Digital Marketing & Data Entry Services in Chennai","Software company · First Floor, Arunachalam Towers, 31/9, Kothandaramar Kovil St
Closed ⋅ Opens 10 am Mon · 095516 42936",https://avinfotechnologies.com/,4.6,hello@diego.com,095516 42936,https://www.google.com/maps/search/IT+company+near+Chennai/,Home IT Services Digital Marketing Graphic Design Mobile App Development UI/UX Design Website Development Non IT Data Management Voice Call/BPO Chat Support Blogs About contact Get Quote,12329108112113835099
IT company,Chennai,ImageGrafix Software Solutions Pvt. Ltd. (IGSS),"Software company ·  · Chaitanya “EXOTICA 4th Floor, ""B 51/24, Venkatanarayana Road New Colony, Parthasarathi Puram, T. Nagar Contact Us : +91-44-43486500
Closed ⋅ Opens 9 am Mon · 044 4348 6500",https://imagegrafix.in/,4.7,info@imagegrafix.in,+91-44-43486500,https://www.google.com/maps/search/IT+company+near+Chennai/,Solutions Plan Design Build Operate Maintain Divisions Digital Energy Solutions Enterprise Solutions Digital Engineering IIoT & Asset Management CAM CAE Solutions CAD Solutions Products Amazon Web Services (AWS) Hexagon Hexagon APM HxGN EAM Cenosco | IMS Bricsys Oracle Applied Flow Technology Gulf Energy Information Intelligent Project Solutions – AI PTC SEG CAD Nemetschek Vimana Services AWS Consulting Services Oracle Fusion PPM Services Integration Services Project Management Services Custom D,4202534042473692071
IT company,Chennai,Naethra Technologies Private Limited,"Software company ·  · 37, Viswanathapuram Main Rd
Closed ⋅ Opens 10:30 am Mon · 044 3500 3204",http://naethra.com/,4.1,info@naethra.com,044 3500 3204,https://www.google.com/maps/search/IT+company+near+Chennai/,"Primary Menu Mobile Flutter Web App Portfolio Downloads Services Content Management System Custom Web Publishing Dot Net Application AWS & Cloud Support FileMaker About Us Blogs Contact Us 30 mins meeting Comprehensive Full Stack Development Outsourcing Mastering Web, Mobile Native, and Cross-Platform Applications Schedule a Meet Unlock the Possibilities with a leading Software Development Company Naethra Technologies is full of software development experts in full-stack application development ",4202534614597785137
IT company,Chennai,"Rinsoft Pvt Ltd, Chennai","Software company · Second floor, New No.113,Old No.56/1,Sri Amman Complex, Arunachallam St
Closed ⋅ Opens 12 am Mon · 03108 183 781",http://www.rinsoft.com/,4.7,N/A,03108 183 781,https://www.google.com/maps/search/IT+company+near+Chennai/,"Home About Us What we do Technologies AI Solutions Case Studies Our Clients Search... Contact Us Providing Robust Custom Software Solutions Custom Software Development | Cloud Migration | AWS Development |
                        App Development | Web Application Development Established in 2008, our software development company has been serving with great satisfaction of our client, for their Custom Software Development, AWS and Azure development, Cloud Migration & Apps and Web Applications Dev",4202533577470925083
IT company,Chennai,Tekskills India Pvt. Ltd. - Chennai,"Software company · FNo.69, EMM YES Park, Jawaharlal Nehru Salai, near Metro Pillar No 61, Ground Floor, behind ICICI Bank
Closed ⋅ Opens 9 am Mon · 040 6728 5600",http://www.tekskillsinc.com/,4.0,N/A,040 6728 5600,https://www.google.com/maps/search/IT+company+near+Chennai/,N/A,4202534910973444095
