name,address,rating,email,phone,category,website,gmap_link,services
eDOTS IT Solutions,"Software company · 3, Second Lane, PV Koil St
Open ⋅ Closes 8:30 pm · 099625 86611",4.6,N/A,099625 86611,IT company,https://edotsindia.com/,https://www.google.com/maps/search/IT+company+near+600004+/,N/A
ProdEx Technologies Private Limited,"Software company ·  · I Floor, Laxmi Towers, 47, Dr Radha Krishnan Salai
Open 24 hours · 044 2811 3640",4.7,N/A,044 2811 3640,IT company,https://www.prodex.in/,https://www.google.com/maps/search/IT+company+near+600004+/,"Our privacy policy ProdEx Technologies Pvt Ltd does not share personal information of any kind with anyone. We will
                        not sell
                        or rent your name or personal information to any third party. We DO NOT sell, rent or provide
                        outside access to our mailing list or any data we store. ProdEx Technologies Pvt Ltd only collects such personal information that is necessary for you to
                        access
                   "
Riyadvi Software Technologies Private Limited,"Software company · 17, Aarti arcade, Dr Radha Krishnan Salai, opposite AVM Rajeswari Kalyana mandapam
Closed ⋅ Opens 9:30 am Thu · 080724 87427",4.9,info@riyadvisoftwaretechnologies.com,080724 87427,IT company,https://riyadvisoftwaretechnologies.com/,https://www.google.com/maps/search/IT+company+near+600004+/,"See What Our Client Says About Us Click &qout;Rated 5 Stars on Google! ððððð See why our clients love us.&qout; employee in this company but i feel im more comfortable than. the collegues are friendly, the seniors are very friendly, overall best place to work. Mohammed Yehraz Best website development company.. they always focus on 100 percentage customer satisfaction. Good service. geetha lakshmi selvaraj One of the best company for app development. Very satisfied with their work "
Jeevan Technologies,"Software company · 9th Floor, Gee Gee Crystals, 91, Dr Radha Krishnan Salai
Closes soon ⋅ 7:30 pm ⋅ Opens 9 am Thu · 044 2811 6960",4.3,info@noblq.com,044 2811 6960,IT company,http://www.jeevantechnologies.com/,https://www.google.com/maps/search/IT+company+near+600004+/,"Contact Us Capabilities SAP S/4HANA Enterprise management with next-gen solutions. Oracle EBS & Fusion Empower your enterprise with integrated cloud applications and intelligent infrastructure. Oracle JD Edwards Flexible ERP for streamlined operations and scalable growth. Microsoft Smart collaboration, agile cloud, and actionable insights for digital growth. ServiceNow Optimize operations with intelligent digital workflow services. Salesforce Custom CRM solutions to enhance customer relationship"
WEBRONIC,"Software company · New #33, Old #17, 2nd St
Open 24 hours · 072000 88500",5.0,N/A,072000 88500,IT company,https://webronic.com/,https://www.google.com/maps/search/IT+company+near+600004+/,N/A
Digival IT solutions,"Software company ·  · 5th floor, Chennai City Centre, 10 &11, Dr Radha Krishnan Salai
Closed ⋅ Opens 9 am Thu",4.7,contact@digi-val.com,N/A,IT company,https://digi-val.com/,https://www.google.com/maps/search/IT+company+near+600004+/,Download E-Brochure Everything you want to know about your product Download E-Brochure Short Brochure Download Detailed Brochure Download
Novac Technology Solutions,"Software company ·  · Office 275, Statesman One, Ramakrishna Mutt Rd
Closed ⋅ Opens 9 am Thu · 044 4291 3000",4.0,info@novactech.com,044 4291 3000,IT company,https://www.novactech.com/,https://www.google.com/maps/search/IT+company+near+600004+/,"Novac Technology Solutions Alert: Beware of impersonators misusing our brand name. Read More! Scale up to New Heights with Novac! Empowering businesses to go digital in every dimension of their operations Get in Touch Leveraging Digitization in BFSI Sector Empowering BFSI companies with customer-centric solutions for transformative business excellence Explore Experience the New Age of Digital Learning and Immersive Solutions Leveraging cutting-edge technology to develop interactive, engaging, an"
Qbrik Information Technologies,"Software company · No.152, 2nd Floor, Ganesh Towers, Luz Church Rd
Closed ⋅ Opens 9:30 am Thu · 044 4255 5570",4.7,info@qbrik.in,044 4255 5570,IT company,https://qbrik.in/,https://www.google.com/maps/search/IT+company+near+600004+/,"Qbrik Home Products Solutions Features About Us Contact Welcome to Qbrik! IT solutions for the financial sector. Shakti Our flagship core banking product Seamless integration Seamless integration of portfolio management, financial accounting, reporting and business intelligence. Multi-product platform Multi-cycle loan products. Support for assets, liabilities, insurance and pension products under the same architecture. Qbe A proprietary big data analytics & business intelligence engine. Highly c"
Nexus Innovative Solutions Private Limited,"Software company · No.154 & 155 Church Complex, Luz Church Rd
Closed ⋅ Opens 9:30 am Thu · 044 4351 4049",4.7,N/A,044 4351 4049,IT company,http://nexusi.in/,https://www.google.com/maps/search/IT+company+near+600004+/,"Search for: Why nexus-i Products Solutions Customers Support About Connect Happy employees and partners mean happy customers. Connect and engage with your customers, employees and partners effectively. Read More Customer Loyalty Keep customers coming back. Delight them with well designed loyalty programs. Learn more.. Employee Recognition Engage employees and make your organization a great place to work. Learn more.. Channel Partner Incentives Get more from your channel partners. Devise motivati"
Global Cyber Associates,"Software company · 5, 5th St
Closed ⋅ Opens 9 am Thu",5.0,N/A,N/A,IT company,https://www.globalcyberassociates.com/,https://www.google.com/maps/search/IT+company+near+600004+/,N/A
Abyantra,"Software company ·  · 27V7+9XR, 5th St
Closed ⋅ Opens 9 am Thu · 098407 78412",4.5,N/A,098407 78412,IT company,https://abyantra.com/,https://www.google.com/maps/search/IT+company+near+600004+/,N/A
Buildectron,"Software company · 17/9, Soorapa Street
Closes soon ⋅ 8 pm ⋅ Opens 9 am Thu · 094011 33432",5.0,Contact@buildectron.com,094011 33432,IT company,https://buildectron.com/,https://www.google.com/maps/search/IT+company+near+600004+/,"Home Services About Company Contact Us Home Services About Core Values How We Work Why Choose Us Careers Contact Us Brochure Empowering Your Business Globally With Innovative Digital And Software Solutions Start empowering your business with tailored digital solutions, ensuring swift, cost-efficient, top-tier project delivery, because we believe in their success. Explore Services Our Services Spark Transformation We offer a comprehensive suite of services tailored to elevate your business to new"
e-Bliss Technologies,"Software company · #227, II Floor, Kutchery Road, Mylapore
Closed ⋅ Opens 9 am Thu · 098847 15673",5.0,N/A,098847 15673,IT company,http://www.eblisstechnologies.com/,https://www.google.com/maps/search/IT+company+near+600004+/,"Home About Services Tech Java Web (J2EE) JSP Struts Spring Hibernate Products Clients Career Contact News Updates E-Bliss is all about showing excellence by developing and delivering neat and tidy work. e-Bliss Technologies is a software development company in Pattabiram, Chennai. We believe in success by delivering the unexpected. Delighting our client is our style of business. That precisely is the reason we groom a special research team within our firm in search for better solutions ever.

  "
VCreate Information Technology Pvt Ltd,"Software company · 187/238, 2nd Floor, Rabiya building, Royapettah High Rd
Open 24 hours · 099401 58406",3.9,N/A,099401 58406,IT company,http://www.vcreateit.com/,https://www.google.com/maps/search/IT+company+near+600004+/,"About Us VCreate IT aims to help the companies in creating a place for themselves in digital market. The company is a pioneer solution provider in digital world, with services ranging from Software and Application Development to Website Design and Development, Digital Marketing to Research in IT domain. [email protected] +91 44 4859 2989"
RedBlackTree,"Software company · 8, Lalitha Nagar First St
Closed ⋅ Opens 10 am Thu · 044 4353 3706",4.2,N/A,044 4353 3706,IT company,https://www.redblacktree.com/,https://www.google.com/maps/search/IT+company+near+600004+/,N/A
AmbalSoft InfoTech Pvt Ltd,"Software company · Pitchu St
Closed ⋅ Opens 9:30 am Thu · 044 2464 0228",4.3,N/A,044 2464 0228,IT company,http://www.ambalsoft.com/,https://www.google.com/maps/search/IT+company+near+600004+/,N/A
NFN Labs,"Software company · Kasturi Apartments, Radhakrishnan Salai 6th Street
Closed ⋅ Opens 10 am Thu · 098403 86647",4.7,N/A,098403 86647,IT company,http://www.nfnlabs.in/,https://www.google.com/maps/search/IT+company+near+600004+/,LET'S TEAM UP LET'S TEAM UP NFN Labs WORK Services Customers ABOUT Team Careers Blog Get in touch NFN Labs WORK ABOUT Services Team Careers BLOG LET'S TEAM UP LET'S TEAM UP NFN Labs WORK ABOUT Services Team Careers T u r n Y o u r I d e a I n t o a M a r k e t - R e a d y P r o d u c t T u r n Y o u r I d e a I n t o a M a r k e t - R e a d y P r o d u c t T u r n Y o u r I d e a I n t o a M a r k e t - R e a d y P r o d u c t Skip the technical headaches and expensive hiring mistakes. In the la
Quadrasystems.net India Private Limited,"Software company · 3rd Floor, Jupiter Complex, New #67, Dr Ranga Rd
Closes soon ⋅ 7:30 pm ⋅ Opens 9 am Thu · 087228 44000",4.7,custexp@quadrasystems.net,087228 44000,IT company,https://www.quadrasystems.net/,https://www.google.com/maps/search/IT+company+near+600004+/,N/A
Humworld Solutions Pvt.Ltd,"Software company ·  · 9 Muthupandian avenue, Santhome High Rd
Closed ⋅ Opens 9 am Thu · 044 4355 0856",5.0,info@humworld.com,044 4355 0856,IT company,https://humworld.com/,https://www.google.com/maps/search/IT+company+near+600004+/,"☰ Home Products & Services About Us Testimonials Careers Contact Us Home Products & Services About Us Testimonials Careers Contact Us Affordable Software Products with Uncompromised Quality Optimize and grow your business using our software solutions.
Experience efficiency and growth like never before. Our Products → Overview of Humworld Humworld has been at the forefront of healthcare innovation for over a decade. With Humhealth as a key product, we specialize in developing cutting-edge softwa"
GML Soft Labs - Mobile App Development Company,"Software company
Closed ⋅ Opens 6:30 pm",4.5,N/A,N/A,IT company,http://www.gmlsoftlabs.com/?utm_source=Google&utm_medium=Google_business&utm_campaign=organic,https://www.google.com/maps/search/IT+company+near+600004+/,N/A
Fulgid,"Software company · JK Tower, 3/2, 5A, 1st Floor, Zachariah Colony 2nd St
Closed ⋅ Opens 10:30 am Thu · 094444 95233",4.8,N/A,094444 95233,IT company,http://fulgid.in/?utm_source=google&utm_medium=cpc&utm_campaign=Website,https://www.google.com/maps/search/IT+company+near+600004+/,N/A
Hi-Tech Company Software Solutions (Chennai) Private Limited,"Software company ·  · 4, 4th Street
Closed ⋅ Opens 9 am Thu · 044 2834 4782",4.1,N/A,044 2834 4782,IT company,http://www.htssindia.in/,https://www.google.com/maps/search/IT+company+near+600004+/,N/A
Edvoy Technologies (P) Ltd,"Software company · No.61, 2nd Floor, Mowbrays Towers, TT Krishnamachari Rd
Closed ⋅ Opens 10 am Thu · 044 7164 5722",4.9,N/A,044 7164 5722,IT company,https://edvoy.com/?utm_campaign=gmb-chennai-organic-search&utm_source=google&utm_medium=organic,https://www.google.com/maps/search/IT+company+near+600004+/,en-edvoy Courses TOP COURSES MSc Advanced Computer Science with Business University of Exeter MSc (PGCert PGDip) Data Analytics University of Brighton MSc Advanced Computer Science University of Liverpool MSc Health Research Methods University of Exeter MSc/PGDip/PGCert Computing Science University of Glasgow MSc Finance and Accounting University of Brighton LLM International Business Law University of Bolton See all POPULAR SUBJECTS Computer Sciences Artificial Intelligence Business Cyber Secur
VCreate Information Technology Pvt Ltd,"Software company · 187/238, 2nd Floor, Rabiya building, Royapettah High Rd
Open 24 hours · 099401 58406",3.9,N/A,099401 58406,IT company,http://www.vcreateit.com/,https://www.google.com/maps/search/IT+company+near+600004+/,"About Us VCreate IT aims to help the companies in creating a place for themselves in digital market. The company is a pioneer solution provider in digital world, with services ranging from Software and Application Development to Website Design and Development, Digital Marketing to Research in IT domain. [email protected] +91 44 4859 2989"
CareData Infomatics | Laboratory Information System | LIMS Software,"Software company · 91-92, Dr Radha Krishnan Salai
Closed ⋅ Opens 9:30 am Thu · 044 4782 3948",4.4,N/A,044 4782 3948,IT company,http://caredatainfo.com/,https://www.google.com/maps/search/IT+company+near+600004+/,N/A
Intrepid IT Services,"Software company · 5E, Kences Towers, 1, Ramakrishna St
Closes soon ⋅ 8 pm ⋅ Opens 9 am Thu · 044 4541 0606",4.3,N/A,044 4541 0606,IT company,https://www.intrepiditservices.com/,https://www.google.com/maps/search/IT+company+near+600004+/,Home Demos Shop Pages About Services Contact Team 404 Page Features Mega 1 Mega 2 Mega 3 Mega 4
Amtex Software Solutions Pvt Ltd,"Software company · Century Centre, TT Krishnamachari Rd
044 4299 7575",4.2,N/A,044 4299 7575,IT company,http://amtexsystems.com/,https://www.google.com/maps/search/IT+company+near+600004+/,"sitemap What We Do Industries Amtex Insights Careers Contact
                                            Us Locations Leverage transformation to future proof your business. OUR CAPABILITIES Empower your enterprise to grow and differentiate against
                                            competition. Digital Transformation CRM BI Solutions POS HR Systems EXPLORE BI & Analytics Process Optimization Management Consulting Change Management EXPLORE Data Science and Machine Learning Master Data Mg"
VPEARL SOLUTIONS,"Software company · No:81 Arthiarcade, Dr Radha Krishnan Salai",5.0,businessdevelopment@vpearlsolutions.com,N/A,IT company,http://vpearlsolutions.com/,https://www.google.com/maps/search/IT+company+near+600004+/,Toggle navigation Home About Us Services Terms and Conditions Gallery Contact Us
SAHAS BUSINESS SOLUTIONS PVT LTD,"Software company · NO.48 4, 12/2
Open ⋅ Closes 8:30 pm",4.9,N/A,N/A,IT company,http://www.sahasbusinesssolutions.in/,https://www.google.com/maps/search/IT+company+near+600004+/,"Home About Us Services Contact Us About Us Sahas is a as a small company with Five individuals who played an active role,The team consisted of web professionals who were quite resourceful to support the customers with a wide range of services which focussed on Web Design, Web Development, and Mobile Application Development. View more Our Services Sahas Business Solutions is a leading web design agency with an award-winning design team that creates innovative, effective websites that capture your"
TCS-Separation Support,"Software company · 185/188, Lloyds Rd, Krishnapuram, Royapettah
Open ⋅ Closes 8:30 pm · 1800 572 3858",4.0,N/A,1800 572 3858,IT company,N/A,https://www.google.com/maps/search/IT+company+near+600004+/,N/A
PRACTICEVANTAGE PVT LTD,"Software company · 8th Floor, Westminster, no. 70, Dr Radha Krishnan Salai
Closed ⋅ Opens 9:30 am Thu · 044 4860 6363",4.5,inbox@practicevantage.com,044 4860 6363,IT company,https://www.practicevantage.com/,https://www.google.com/maps/search/IT+company+near+600004+/,Toggle Navigation Home Expertise Salesforce Agentforce Data Cloud Einstein AI Platform Revenue Cloud CPQ Consumer Goods Cloud Billing Cloud GovCloud + odoo PracticeVantage is an official Odoo Implementation Partner SAP ECC & Business Suite S/4HANA HANA Database ASE (Sybase) BusinessObjects Cloud Products Oracle E-Business Suite Database Hyperion Fusion Middleware JD Edwards Industries Insights About Contact More ESG & DEI Commitment Privacy Policy Terms & Conditions Cookie Policy let’s talk Home
SPANRAY SOFTWARE,"Software company · Ground floor, New, 183, Kutchery Rd
Closed ⋅ Opens 9:30 am Thu · 044 2464 0793",4.0,info@spanraysoftware.com,044 2464 0793,IT company,http://www.spanraysoftware.com/,https://www.google.com/maps/search/IT+company+near+600004+/,Home About Online Software Online Promotion Contacts
Sensigo Technologies Private Limited,"Software company · New no:5/3 Old No: 8/3, Sundaram Anirs, first floor Tilak Street Extn, N Usman Rd
Closes soon ⋅ 7:30 pm ⋅ Opens 9:30 am Thu · 096299 85795",4.4,N/A,096299 85795,IT company,https://www.sensigotech.com/,https://www.google.com/maps/search/IT+company+near+600004+/,N/A
CH Solutions,"Software company · 1, 1st Floor, Bharathi Nagar First Street, North, N Usman Rd
Closed ⋅ Opens 10 am Thu",4.2,info@chsolutions.co.in,N/A,IT company,https://chsolutions.co.in/,https://www.google.com/maps/search/IT+company+near+600004+/,Home About us Why Us Development Design Career Contact Us
Deforay Technologies,"Software company
Closed ⋅ Opens 9 am Thu · 098844 72565",4.8,logo-dark@2x.webp,098844 72565,IT company,https://deforay.com/,https://www.google.com/maps/search/IT+company+near+600004+/,Deforay Home About Services Mobile App Development Enterprise Software Solutions Web Design Artificial Intelligence Business Intelligence eCommerce Industries Case Studies Blog Contact Us [email protected] Book a Free Consultation Less Chaos. More Customized Software for Businesses Explore Now Case Studies Our Clients Trusted by clients all over the world From startups to large multi-national organizations What We Do? We develop software tailored to your needs Don't rely on generic solutions for
InQ Technologies Pvt Ltd.,"Software company ·  · 5, Vnct tower, Mahalingapuram Main Rd, above HDFC Bank
Closed ⋅ Opens 10 am Thu · 094860 60522",3.9,info@inqtechnologies.com,094860 60522,IT company,http://www.inqtechnologies.com/,https://www.google.com/maps/search/IT+company+near+600004+/,MENU MENU About Us Design Development Ecommerce Promote Maintenance Portfolio Clients Careers Contact
Trident Solutions,"Software company ·  · 22/26, Dooming St
044 2461 0622",4.0,N/A,044 2461 0622,IT company,http://tridentnets.com/,https://www.google.com/maps/search/IT+company+near+600004+/,Services About Contact
Ramco Industrial And Technology Services Limited,"Software company · 1 st floor, Arihant Nitco Park, Dr Radha Krishnan Salai",4.3,N/A,N/A,IT company,N/A,https://www.google.com/maps/search/IT+company+near+600004+/,N/A
BrandIdea Granular Analytics Platform,"Software company · 4th Floor, No 82, Aalim Centre, Dr Radha Krishnan Salai
Closed ⋅ Opens 9 am Thu",3.5,605a7baede844d278b89dc95ae0a9123@sentry-next.wixpress.com,N/A,IT company,https://brandidea.ai/,https://www.google.com/maps/search/IT+company+near+600004+/,N/A
Gari Tech - Growth Lab,"Software company · P.Block Pallakumanagar, 2
Open 24 hours · 063821 14988",5.0,info@garitech.in,063821 14988,IT company,https://www.garitech.in/,https://www.google.com/maps/search/IT+company+near+600004+/,Home Services Web Development Graphic Designing Video Editing Social Media Management Social Media Marketing Our Works Blogs About Home Services Web Development Graphic Designing Video Editing Social Media Management Social Media Marketing Our Works Blogs About Home Services Web Development Graphic Designing Social Media Management Video Editing Social Media Marketing Contact Portfolio About Home Services Web Development Graphic Designing Social Media Management Video Editing Social Media Market
Vertace Consultants,"Software company ·  · 364H+QQ3, Choolaimedu High Rd
Closes soon ⋅ 8 pm ⋅ Opens 10 am Thu · 098403 55322",4.4,info@vertace.com,098403 55322,IT company,http://www.vertace.com/,https://www.google.com/maps/search/IT+company+near+600004+/,Home About Us Services
iSolve Technologies,"Software company · 3A, KG Business Centre, 65, TT Krishnamachari Rd
Closed ⋅ Opens 9 am Thu · 089398 38183",4.4,hr.recruit@isolve.global,089398 38183,IT company,https://isolve.in/,https://www.google.com/maps/search/IT+company+near+600004+/,Platforms Compliance iFlow CKYC iMask – Aadhar Masking Panther – AML Check ReKYC De-Dupe Digital Customer Onboarding Paperless Journey with CKYC & EKYC Feet on Street (FoS) Onboarding Journey Do It Yourself (DIY) Onboarding Journey Filled form Onboarding Journey iTrust – Video KYC with Liveness Check iClip – AI powered Data Extraction Next level services Agentic AI Workflow Orchestration Customised DMS Aadhaar Data Vault Credit Check Custom Integrations Loan Origination System COSMOS API PAN AAD
Brainvalley Software Private Limited,"Software company · 132, Habibullah Rd
Closed ⋅ Opens 9 am Thu · 044 6645 5999",4.3,N/A,044 6645 5999,IT company,https://quizky.com/,https://www.google.com/maps/search/IT+company+near+600004+/,N/A
Spire Systems,"Software company · New No:47, Lakshmi Arcade, N Usman Rd
Closed ⋅ Opens 10 am Thu · 098404 18503",4.2,N/A,098404 18503,IT company,https://spiresystems.co.in/,https://www.google.com/maps/search/IT+company+near+600004+/,N/A
SecureW2 India Private Ltd,"Software company
Closed ⋅ Opens 11 am Thu",4.7,N/A,N/A,IT company,http://www.securew2.com/,https://www.google.com/maps/search/IT+company+near+600004+/,Want to learn the best practice for configuring Chromebooks with 802.1X authentication? Sign up for a Webinar! Why SecureW2? Solutions Technology Solutions PKI & Certificate Services Managed Cloud PKI Certificate Security for Azure AD & Okta Auto-Enrollment & APIs for Managed Devices YubiKey / Smart Card Management System (SCMS) Desktop Logon via Windows Hello for Business ACME Solutions RADIUS AAA Secure Password-less Cloud RADIUS Policy Engine for Cloud Identities Multi-Tenant RADIUS for MSPs 
ZOO Digital Group PLC,"Software company · 24, Rajasekaran St
Closed ⋅ Opens 9:30 am Thu",5.0,india@zoodigital.com,N/A,IT company,https://www.zoodigital.com/locations/chennai/,https://www.google.com/maps/search/IT+company+near+600004+/,Solutions Services Technology Locations News About About ZOO Team ZOO ZOO Careers Freelancer Community ZOO Academy ZOO Partners Investors Case Studies Join us Contact
Adithya Software Private Limited,"Software company · Old No 81,New No 113,1st floor ,above Indian Over Seas Bank Atm, 9th Cross Street, Puliyur First Main Road, Dasspuram, Kodambakkam
044 4557 5604",4.0,N/A,044 4557 5604,IT company,N/A,https://www.google.com/maps/search/IT+company+near+600004+/,N/A
Focus Infosys,"Software company ·  · 27R5+482, Mowbrays Road
080 2852 1705",4.1,N/A,080 2852 1705,IT company,https://www.infosys.com/,https://www.google.com/maps/search/IT+company+near+600004+/,"Navigate your next Infosys Knowledge Institute Investors Careers search cross Search Hit enter to search or ESC to close Navigate your
                                next Industries Services Platforms Infosys
                                Knowledge Institute About Us Investors Careers Newsroom Contact Us Being Resilient. That's Live Enterprise. Digital Core Capabilities Digital Operating Model Empowering Talent Transformations Tales of Transformation Industries Aerospace & Defense Agricultu"
